{"11": {"age_bin_edges": [0, 5, 10, 15, 20, 25, 30, 35, 40, 45, 50, 55, 60, 65, 70, 75], "age_distribution": [45617.0, 37622.0, 28573.0, 36900.0, 52924.0, 83096.0, 80991.0, 62212.0, 43462.0, 38787.0, 36666.0, 36676.0, 33626.0, 27984.0, 21120.0, 21780.0], "contact_matrix": [[2.030651209922092, 1.002501715494837, 0.4696600366072838, 0.3481886442650381, 0.4603614154560932, 0.7845944938462555, 0.9451110168958987, 1.0712099498584489, 0.5627971828407244, 0.2892356815198162, 0.30471378558044754, 0.2743205732205479, 0.24885192599014072, 0.07497772999708288, 0.11461128273386345, 0.037853641186656094], [0.7068715333128703, 6.383489030594612, 1.3624130784467074, 0.35527294908530643, 0.3245618892353704, 0.6468686928802894, 1.0268181375200218, 0.9918518442776157, 1.0246767880234997, 0.5198176188182289, 0.3604323734192775, 0.20985089948650698, 0.23832327662767935, 0.10083109611581109, 0.05479591439883802, 0.10752407507788427], [0.4062453508105254, 1.1025008262105152, 6.5072763112094565, 0.9823824688293396, 0.21148509479685398, 0.45527771026438996, 0.6304563201956638, 1.2674517954652447, 1.1455448927682625, 0.5871117238987331, 0.4094705081225782, 0.2715444225207801, 0.19736615771585006, 0.11699410609411312, 0.1053121514154313, 0.09468635784790033], [0.23060591832642485, 0.7516987506822401, 1.5704256775309022, 6.441016890170362, 0.9345574513447883, 0.7776849516688631, 0.518155580309884, 1.0708099329138008, 0.9341157164813161, 0.7404489000123191, 0.4008684764037431, 0.3078339401474247, 0.22776711509589811, 0.20864485221789425, 0.05226938315309808, 0.06359015877528648], [0.47956238339680013, 0.6067416615705522, 0.27115499853668545, 1.5559702846033963, 2.6588642520791814, 1.3530950585408255, 0.919659771351817, 0.7236631454252478, 0.6630728325528976, 0.9060343688027801, 0.44545490237384255, 0.3751231699747525, 0.20110053165935726, 0.18392846572685542, 0.071307370324555, 0.18219085048666553], [0.724516835840084, 0.8027510023864437, 0.301316783369543, 0.721519813328223, 1.5292835180370261, 1.814597136236209, 1.2539789671692283, 0.9185710000280738, 0.8351502424148052, 0.8887711079915324, 0.7701772348098613, 0.5365278574313519, 0.33838735663473524, 0.20674333167370537, 0.09949121260995783, 0.07539258316766718], [0.6383812091672132, 0.9552290753533146, 0.46223723538125155, 0.4249803299866687, 0.7787112749207071, 1.0450310145961768, 1.757567166958014, 1.5072829707901971, 0.8733913118237409, 0.5156284050775684, 0.6467651181222428, 0.6613238912738152, 0.45503372578233126, 0.0936971981140338, 0.1009244583312788, 0.08957084258428072], [0.9193866996941409, 1.484819926202564, 0.8077204665369877, 0.5298412190177051, 0.5760165393988539, 0.696087025840426, 0.8430656248280973, 1.4894851746617686, 1.2197903903165521, 0.7060343488644707, 0.579005468325509, 0.4830278864331511, 0.31623773201018557, 0.3143308253387886, 0.15583641626038003, 0.16424179097730843], [0.21961506047248963, 0.8353741227170527, 0.9545520933675101, 0.8569243079360513, 0.7730489706194128, 0.6713992837550083, 1.0669809333717784, 1.4245867271112345, 1.3357391967093428, 1.5411315819470963, 0.7590709734883356, 0.6620688016675943, 0.40892051687119696, 0.23218205794303454, 0.190335536245988, 0.3134798674781322], [0.22479902426231693, 0.1731931236306604, 0.5788105785128297, 1.1945191485282969, 0.8899460195938931, 0.7468133140365855, 0.788710035385686, 1.0370259353264648, 1.1964798333411082, 1.8795068102234953, 0.9777010781537042, 0.44537857767971456, 0.5070151060423329, 0.09795997492573498, 0.2294469525440638, 0.44510537252314153], [0.4310506408348534, 0.29503527039779837, 0.3216945613470969, 0.6955506160979228, 0.8166762121480055, 0.8945212554249423, 0.92542765450839, 0.8374962843536735, 0.8734497009840654, 0.5772628982449886, 0.7398655298562835, 0.8059776872949709, 0.45416953658247455, 0.23823666716229766, 0.27258208896708475, 0.255098552024327], [0.18689108590722242, 0.22925577505752176, 0.4858649155196374, 0.3395564890677384, 0.59979366820401, 0.8616996292630439, 0.5802822178782825, 0.7079684696395877, 0.7162790233746847, 0.8057408191583683, 1.02558851446981, 1.1542270139846251, 0.7437999548907209, 0.22855178911819216, 0.14608653684495204, 0.5569151359784021], [0.22238652421951496, 0.5012975929958051, 0.312913372971163, 0.19319962114710593, 0.5119602578057763, 0.6895568787582905, 0.7670304418223589, 1.1153848504391495, 0.9962022067647869, 0.6101397197280143, 0.5769015694997932, 0.922967712319417, 0.6458299609779267, 0.37942307717062407, 0.22301482476772394, 0.25788831978996046], [0.26071917227089647, 0.5241286185079288, 0.4276187949981054, 0.4420850567057464, 0.38994716267130064, 0.6765392525737353, 0.7500519608105816, 0.9575772044047908, 0.8453346206794483, 0.533083042117525, 0.5854168692099726, 0.7339504926746305, 0.882310514517411, 0.7409666272424893, 0.33011373683787476, 0.37204897784208135], [0.12348277404607329, 0.14363041604601706, 0.3998027505316507, 0.7200382203048442, 0.48179678526929165, 0.47720972335422474, 0.18386242657598156, 0.13932019664052914, 0.938610850360211, 0.7629169172685797, 0.46308616255866897, 0.34229089261122503, 0.49365052509298035, 0.7248725255988682, 0.5681284369935264, 0.8374318878052893], [0.0, 0.21759462759462758, 0.10879731379731379, 0.3787423687423687, 0.04594017094017094, 0.2791636141636142, 0.6671245421245422, 0.5491086691086691, 0.6127777777777779, 0.17887667887667885, 0.9660927960927961, 0.26994505494505494, 0.9293711843711844, 0.0, 0.2791636141636142, 0.8058241758241758]]}, "11001": {"age_bin_edges": [0, 5, 10, 15, 20, 25, 30, 35, 40, 45, 50, 55, 60, 65, 70, 75], "age_distribution": [45617.0, 37622.0, 28573.0, 36900.0, 52924.0, 83096.0, 80991.0, 62212.0, 43462.0, 38787.0, 36666.0, 36676.0, 33626.0, 27984.0, 21120.0, 21780.0],