{
    "beta": [0.0, 0.00025, 0.0, 0.0],
    "alpha": 0.2,
    "gamma": [0.0, 0.08, 0.06818182, 0.08571429],
    "rho": [0.0, 0.02, 0.02272727],
    "mu": 0.057142857142857134
}
