,lower_age,upper_age,lower_hosp,upper_hosp,lower_icu,upper_icu,lower_fatility,upper_fatility,mean_age,mean_hosp,mean_icu,mean_fatility,mean_hgen
0,0,19,1.6,2.5,0.0,0.0,0.0,0.0,9.5,2.05,0.0,0.0,2.05
1,20,44,14.3,20.8,2.0,4.2,0.1,0.2,32.0,17.55,3.1,0.15000000000000002,14.450000000000001
2,45,54,21.2,28.3,5.4,10.4,0.5,0.8,49.5,24.75,7.9,0.65,16.85
3,55,64,20.5,30.1,4.7,11.2,1.4,2.6,59.5,25.3,7.949999999999999,2.0,17.35
4,65,74,28.6,43.5,8.1,18.8,2.7,4.9,69.5,36.05,13.45,3.8000000000000003,22.599999999999998
5,75,84,30.5,58.7,10.5,31.0,4.3,10.5,79.5,44.6,20.75,7.4,23.85
6,85,120,31.3,70.3,6.3,29.0,10.4,27.3,102.5,50.8,17.65,18.85,33.15
