,lower_age,upper_age,lower_hosp,upper_hosp,lower_icu,upper_icu,lower_fatility,upper_fatility,lower_hgen,upper_hgen,mean_age,mean_hosp,mean_hgen,mean_icu,mean_fatility
0,0,19,0.016,0.025,0.0,0.0,0.0,0.0,0.016,0.025,9.5,0.0205,0.0205,0.0,0.0
1,20,44,0.14300000000000002,0.20800000000000002,0.02,0.042,0.001,0.002,0.12300000000000001,0.166,32.0,0.17550000000000002,0.14450000000000002,0.031,0.0015
2,45,54,0.212,0.28300000000000003,0.054000000000000006,0.10400000000000001,0.005,0.008,0.158,0.179,49.5,0.2475,0.16849999999999998,0.07900000000000001,0.006500000000000001
3,55,64,0.20500000000000002,0.30100000000000005,0.047,0.11199999999999999,0.013999999999999999,0.026000000000000002,0.158,0.18900000000000003,59.5,0.253,0.17350000000000002,0.07949999999999999,0.02
4,65,74,0.28600000000000003,0.435,0.081,0.188,0.027000000000000003,0.049,0.20500000000000002,0.247,69.5,0.36050000000000004,0.226,0.1345,0.038000000000000006
5,75,84,0.305,0.5870000000000001,0.105,0.31,0.043,0.105,0.2,0.277,79.5,0.44600000000000006,0.23850000000000002,0.2075,0.074
6,85,120,0.313,0.703,0.063,0.29,0.10400000000000001,0.273,0.25,0.413,102.5,0.508,0.3315,0.1765,0.1885
